raw_value,occurrences,kind,normalized_name,type_prefix,length_ft,confidence,rationale
R/V Long Ketch,332,vessel,R/V Long Ketch,R/V,,high,recognized vessel type prefix
R/V GOLDEN COMPASS,198,vessel,R/V Golden Compass,R/V,,high,recognized vessel type prefix
OSV AMBER REEF,125,vessel,OSV Amber Reef,OSV,,high,recognized vessel type prefix
R/V LONG ANCHOR,80,vessel,R/V Long Anchor,R/V,,high,recognized vessel type prefix
M/V NORTHERN HARBOR,77,vessel,M/V Northern Harbor,M/V,,high,recognized vessel type prefix
R/V CLEAR SEXTANT,63,vessel,R/V Clear Sextant,R/V,,high,recognized vessel type prefix
M/Y GREEN LANTERN,61,vessel,M/Y Green Lantern,M/Y,,high,recognized vessel type prefix
Barge SALT DORY,59,vessel,Barge Salt Dory,Barge,,high,recognized vessel type prefix
R/V Golden Horizon,48,vessel,R/V Golden Horizon,R/V,,high,recognized vessel type prefix
F/V SALT FATHOM,45,vessel,F/V Salt Fathom,F/V,,high,recognized vessel type prefix
Barge Salt Dory,42,vessel,Barge Salt Dory,Barge,,high,recognized vessel type prefix
M/V GREY COMPASS,42,vessel,M/V Grey Compass,M/V,,high,recognized vessel type prefix
R/V Western Sextant,33,vessel,R/V Western Sextant,R/V,,high,recognized vessel type prefix
M/V Quiet Petrel,29,vessel,M/V Quiet Petrel,M/V,,high,recognized vessel type prefix
S/V FAR HORIZON,28,vessel,S/V Far Horizon,S/V,,high,recognized vessel type prefix
Barge SILVER VOYAGER,22,vessel,Barge Silver Voyager,Barge,,high,recognized vessel type prefix
S/V Far Horizon,22,vessel,S/V Far Horizon,S/V,,high,recognized vessel type prefix
OSV Wild Star,21,vessel,OSV Wild Star,OSV,,high,recognized vessel type prefix
S/V Golden Heron,20,vessel,S/V Golden Heron,S/V,,high,recognized vessel type prefix
OSV CLEAR OSPREY,18,vessel,OSV Clear Osprey,OSV,,high,recognized vessel type prefix
R/V Clear Sextant,18,vessel,R/V Clear Sextant,R/V,,high,recognized vessel type prefix
S/V Iron Petrel,17,vessel,S/V Iron Petrel,S/V,,high,recognized vessel type prefix
Tug Salt Tide,16,vessel,Tug Salt Tide,Tug,,high,recognized vessel type prefix
Barge Silver Voyager,15,vessel,Barge Silver Voyager,Barge,,high,recognized vessel type prefix
S/V GOLDEN HERON,15,vessel,S/V Golden Heron,S/V,,high,recognized vessel type prefix
Tug BLUE FATHOM,15,vessel,Tug Blue Fathom,Tug,,high,recognized vessel type prefix
M/V DEEP REEF,14,vessel,M/V Deep Reef,M/V,,medium,registry length conflict 24/100'
M/V QUIET PETREL,13,vessel,M/V Quiet Petrel,M/V,,high,recognized vessel type prefix
OSV Silver Tide,13,vessel,OSV Silver Tide,OSV,,high,recognized vessel type prefix
Tug WESTERN CURRENT,13,vessel,Tug Western Current,Tug,,high,recognized vessel type prefix
Bunker barge,12,vessel,Bunker barge,Barge,,medium,unnamed service craft occupying berth
R/V Blue Star,12,vessel,R/V Blue Star,R/V,,high,recognized vessel type prefix
Tug Wild Gannet,12,vessel,Tug Wild Gannet,Tug,,high,recognized vessel type prefix
Community sail day,10,event,Community sail day,,,high,community activity
ETA 1200,10,note,ETA,,,high,arrival/departure time annotation
Tug Golden Sound,10,vessel,Tug Golden Sound,Tug,,high,recognized vessel type prefix
"Bollard replacement, west face",9,closure,Bollard replacement,,,high,maintenance work on berth
F/V GREY STRAND,9,vessel,F/V Grey Strand,F/V,,high,recognized vessel type prefix
F/V Western Sound,9,vessel,F/V Western Sound,F/V,,high,recognized vessel type prefix
Fuel truck,9,note,Fuel truck,,,medium,"shoreside service, annotation not booking"
Fueling @0800,9,note,Fueling,,,high,service operation annotation
M/V SILVER HORIZON,9,vessel,M/V Silver Horizon,M/V,,high,recognized vessel type prefix
R/V CLEAR HARBOR,9,vessel,R/V Clear Harbor,R/V,,high,recognized vessel type prefix
R/V Iron Harbor,9,vessel,R/V Iron Harbor,R/V,,high,recognized vessel type prefix
R/V Long Compass,9,vessel,R/V Long Compass,R/V,,high,recognized vessel type prefix
Barge SWIFT HARBOR,8,vessel,Barge Swift Harbor,Barge,,high,recognized vessel type prefix
Bunkering,8,note,Bunkering,,,high,service operation annotation
Float rebuild - no usage permitted,8,closure,Float rebuild,,,high,"maintenance, usage forbidden"
M/V CORAL LANTERN,8,vessel,M/V Coral Lantern,M/V,,high,recognized vessel type prefix
M/Y BLUE TIDE,8,vessel,M/Y Blue Tide,M/Y,,high,recognized vessel type prefix
OSV Golden Tern,8,vessel,OSV Golden Tern,OSV,,high,recognized vessel type prefix
R/V Long Anchor,8,vessel,R/V Long Anchor,R/V,,high,recognized vessel type prefix
S/V FAR LANTERN,8,vessel,S/V Far Lantern,S/V,,high,recognized vessel type prefix
S/V Golden Anchor,8,vessel,S/V Golden Anchor,S/V,,high,recognized vessel type prefix
Tug Western Current,8,vessel,Tug Western Current,Tug,,high,recognized vessel type prefix
Campus event,7,event,Campus event,,,high,institutional activity
Delayed due to weather,7,note,Delayed due to weather,,,high,schedule/movement annotation
Dock maintenance - restricted access,7,closure,Dock maintenance,,,high,maintenance restricts access
Holiday,7,event,Holiday,,,high,"calendar event, no vessel"
M/V Golden Current,7,vessel,M/V Golden Current,M/V,,high,recognized vessel type prefix
M/V NORTHERN HERON,7,vessel,M/V Northern Heron,M/V,,high,recognized vessel type prefix
R/V Green Star,7,vessel,R/V Green Star,R/V,,high,recognized vessel type prefix
R/V Wild Ledge,7,vessel,R/V Wild Ledge,R/V,120,high,recognized vessel type prefix
S/V High Meridian,7,vessel,S/V High Meridian,S/V,,high,recognized vessel type prefix
Touch and go,7,note,Touch and go,,,high,schedule/movement annotation
Ultrasonic pier test,7,closure,Ultrasonic pier test,,,high,structural testing of pier
Arrival 1400,6,note,Arrival,,,high,arrival/departure time annotation
Concrete work near test wells,6,closure,Concrete work,,,high,construction work
Departs 0600,6,note,Departure,,,high,arrival/departure time annotation
M/V Deep Reef,6,vessel,M/V Deep Reef,M/V,,medium,registry length conflict 24/100'
M/Y Salt Sound,6,vessel,M/Y Salt Sound,M/Y,,high,recognized vessel type prefix
OSV SILVER TIDE,6,vessel,OSV Silver Tide,OSV,,high,recognized vessel type prefix
R/V Blue Anchor,6,vessel,R/V Blue Anchor,R/V,,high,recognized vessel type prefix
R/V Bright Current,6,vessel,R/V Bright Current,R/V,,high,recognized vessel type prefix
R/V Northern Lantern,6,vessel,R/V Northern Lantern,R/V,,high,recognized vessel type prefix
Road race - access limited,6,event,Road race - access limited,,,high,external event limits access
Student tour,6,event,Student tour,,,high,tour activity
Tug Blue Fathom,6,vessel,Tug Blue Fathom,Tug,,high,recognized vessel type prefix
Water/slops pumping,6,note,Water/slops pumping,,,high,service operation annotation
Barge WESTERN COVE,5,vessel,Barge Western Cove,Barge,,high,recognized vessel type prefix
ETD PM,5,note,ETD,,,high,arrival/departure time annotation
Fueling,5,note,Fueling,,,high,service operation annotation
Load equipment,5,note,Load equipment,,,high,service operation annotation
M/V Grey Compass,5,vessel,M/V Grey Compass,M/V,,high,recognized vessel type prefix
M/Y Long Meridian,5,vessel,M/Y Long Meridian,M/Y,,high,recognized vessel type prefix
Provisioning,5,note,Provisioning,,,high,service operation annotation
R/V Quiet Tern,5,vessel,R/V Quiet Tern,R/V,,high,recognized vessel type prefix
R/V Wild Kestrel,5,vessel,R/V Wild Kestrel,R/V,,high,recognized vessel type prefix
Rescue drill,5,event,Rescue drill,,,high,drill activity
Safety training (RIBs),5,event,Safety training (RIBs),,,high,training activity
Utility work on pier face,5,closure,Utility work,,,high,utility work on berth
Barge Grey Sound,4,vessel,Barge Grey Sound,Barge,,high,recognized vessel type prefix
Bunkering 1000,4,note,Bunkering,,,high,service operation annotation
Departure 0800,4,note,Departure,,,high,arrival/departure time annotation
Donor reception,4,event,Donor reception,,,high,institutional function
Emergency port call,4,event,Emergency port call,,,medium,unnamed vessel visit occupies berth
F/V Coral Marlin,4,vessel,F/V Coral Marlin,F/V,,high,recognized vessel type prefix
F/V SILVER DRIFT,4,vessel,F/V Silver Drift,F/V,,high,recognized vessel type prefix
M/V DEEP SOUND,4,vessel,M/V Deep Sound,M/V,,high,recognized vessel type prefix
M/V Iron Heron,4,vessel,M/V Iron Heron,M/V,100,high,recognized vessel type prefix
M/V Long Sound,4,vessel,M/V Long Sound,M/V,,high,recognized vessel type prefix
M/V Northern Harbor,4,vessel,M/V Northern Harbor,M/V,,high,recognized vessel type prefix
M/V Wild Reef,4,vessel,M/V Wild Reef,M/V,,high,recognized vessel type prefix
M/Y Salt Horizon,4,vessel,M/Y Salt Horizon,M/Y,,high,recognized vessel type prefix
M/Y Wild Ketch,4,vessel,M/Y Wild Ketch,M/Y,,high,recognized vessel type prefix
OSV Golden Ketch,4,vessel,OSV Golden Ketch,OSV,,high,recognized vessel type prefix
Paving near dock entrance,4,closure,Paving near dock entrance,,,medium,"works near dock, access limited"
Pier repair - no docking,4,closure,Pier repair,,,high,"repair, docking forbidden"
R/V Blue Ledge,4,vessel,R/V Blue Ledge,R/V,,high,recognized vessel type prefix
R/V CORAL TERN,4,vessel,R/V Coral Tern,R/V,,high,recognized vessel type prefix
R/V Northern Star,4,vessel,R/V Northern Star,R/V,,high,recognized vessel type prefix
R/V Silver Petrel,4,vessel,R/V Silver Petrel,R/V,,high,recognized vessel type prefix
Science stroll,4,event,Science stroll,,,high,public outreach activity
Tug Northern Beacon,4,vessel,Tug Northern Beacon,Tug,,high,recognized vessel type prefix
Arrives AM,3,note,Arrival,,,high,arrival/departure time annotation
Barge Long Voyager,3,vessel,Barge Long Voyager,Barge,,high,recognized vessel type prefix
Barge Western Cove,3,vessel,Barge Western Cove,Barge,,high,recognized vessel type prefix
Barge Western Voyager,3,vessel,Barge Western Voyager,Barge,,high,recognized vessel type prefix
Barge Wild Skua,3,vessel,Barge Wild Skua,Barge,,high,recognized vessel type prefix
Dive training,3,event,Dive training,,,high,training activity
F/V High Skua,3,vessel,F/V High Skua,F/V,120,high,recognized vessel type prefix
F/V IRON SEXTANT,3,vessel,F/V Iron Sextant,F/V,,high,recognized vessel type prefix
F/V Iron Wind,3,vessel,F/V Iron Wind,F/V,,high,recognized vessel type prefix
F/V Long Heron,3,vessel,F/V Long Heron,F/V,,high,recognized vessel type prefix
F/V SWIFT MERIDIAN,3,vessel,F/V Swift Meridian,F/V,,high,recognized vessel type prefix
F/V Salt Ketch,3,vessel,F/V Salt Ketch,F/V,,high,recognized vessel type prefix
F/V Western Gannet,3,vessel,F/V Western Gannet,F/V,,high,recognized vessel type prefix
Film crew on dock,3,event,Film crew on dock,,,high,non-vessel activity on dock
M/V Bright Cove,3,vessel,M/V Bright Cove,M/V,,high,recognized vessel type prefix
M/V Bright Reef,3,vessel,M/V Bright Reef,M/V,,high,recognized vessel type prefix
M/V Deep Drift,3,vessel,M/V Deep Drift,M/V,,high,recognized vessel type prefix
M/V Green Anchor,3,vessel,M/V Green Anchor,M/V,,high,recognized vessel type prefix
M/V Salt Tern,3,vessel,M/V Salt Tern,M/V,,high,recognized vessel type prefix
M/Y Blue Tide,3,vessel,M/Y Blue Tide,M/Y,,high,recognized vessel type prefix
M/Y Deep Compass,3,vessel,M/Y Deep Compass,M/Y,,high,recognized vessel type prefix
OSV Far Tide,3,vessel,OSV Far Tide,OSV,,high,recognized vessel type prefix
OSV WILD STAR,3,vessel,OSV Wild Star,OSV,,high,recognized vessel type prefix
OSV Western Reef,3,vessel,OSV Western Reef,OSV,,high,recognized vessel type prefix
Public open house,3,event,Public open house,,,high,public activity
R/V Blue Voyager,3,vessel,R/V Blue Voyager,R/V,,high,recognized vessel type prefix
R/V Bright Strand,3,vessel,R/V Bright Strand,R/V,,high,recognized vessel type prefix
R/V Coral Strand,3,vessel,R/V Coral Strand,R/V,,high,recognized vessel type prefix
R/V Iron Ketch,3,vessel,R/V Iron Ketch,R/V,46,high,recognized vessel type prefix
R/V Quiet Heron,3,vessel,R/V Quiet Heron,R/V,,high,recognized vessel type prefix
R/V SALT DRIFT,3,vessel,R/V Salt Drift,R/V,85,high,recognized vessel type prefix
R/V WILD TIDE,3,vessel,R/V Wild Tide,R/V,,high,recognized vessel type prefix
R/V Wild Current,3,vessel,R/V Wild Current,R/V,,high,recognized vessel type prefix
Tug Clear Anchor,3,vessel,Tug Clear Anchor,Tug,,high,recognized vessel type prefix
Tug Coral Reef,3,vessel,Tug Coral Reef,Tug,,high,recognized vessel type prefix
Tug Swift Anchor,3,vessel,Tug Swift Anchor,Tug,,high,recognized vessel type prefix
Barge BRIGHT STAR,2,vessel,Barge Bright Star,Barge,,high,recognized vessel type prefix
Barge Bright Sound,2,vessel,Barge Bright Sound,Barge,,high,recognized vessel type prefix
Barge Deep Tern,2,vessel,Barge Deep Tern,Barge,,high,recognized vessel type prefix
Barge Grey Dory,2,vessel,Barge Grey Dory,Barge,,high,recognized vessel type prefix
Barge Northern Anchor,2,vessel,Barge Northern Anchor,Barge,,high,recognized vessel type prefix
Barge SILVER BEACON,2,vessel,Barge Silver Beacon,Barge,,high,recognized vessel type prefix
Barge Swift Tern,2,vessel,Barge Swift Tern,Barge,,high,recognized vessel type prefix
Dock inspection,2,closure,Dock inspection,,,medium,inspection restricts berth use
F/V Bright Ketch,2,vessel,F/V Bright Ketch,F/V,,high,recognized vessel type prefix
F/V Clear Skua,2,vessel,F/V Clear Skua,F/V,,high,recognized vessel type prefix
F/V Grey Gannet,2,vessel,F/V Grey Gannet,F/V,,high,recognized vessel type prefix
F/V LONG STRAND,2,vessel,F/V Long Strand,F/V,,high,recognized vessel type prefix
F/V NORTHERN VOYAGER,2,vessel,F/V Northern Voyager,F/V,,high,recognized vessel type prefix
F/V Quiet Skua,2,vessel,F/V Quiet Skua,F/V,,high,recognized vessel type prefix
F/V Silver Lantern,2,vessel,F/V Silver Lantern,F/V,,high,recognized vessel type prefix
F/V Swift Fathom,2,vessel,F/V Swift Fathom,F/V,,high,recognized vessel type prefix
F/V Western Meridian,2,vessel,F/V Western Meridian,F/V,,high,recognized vessel type prefix
M/V Amber Skua,2,vessel,M/V Amber Skua,M/V,,high,recognized vessel type prefix
M/V BRIGHT GANNET,2,vessel,M/V Bright Gannet,M/V,,high,recognized vessel type prefix
M/V Blue Lantern,2,vessel,M/V Blue Lantern,M/V,,high,recognized vessel type prefix
M/V Coral Kestrel,2,vessel,M/V Coral Kestrel,M/V,,high,recognized vessel type prefix
M/V Coral Lantern,2,vessel,M/V Coral Lantern,M/V,,high,recognized vessel type prefix
M/V DEEP LEDGE,2,vessel,M/V Deep Ledge,M/V,,high,recognized vessel type prefix
M/V Deep Anchor,2,vessel,M/V Deep Anchor,M/V,,high,recognized vessel type prefix
M/V GREY HARBOR,2,vessel,M/V Grey Harbor,M/V,,high,recognized vessel type prefix
M/V Golden Drift,2,vessel,M/V Golden Drift,M/V,,high,recognized vessel type prefix
M/V Golden Ledge,2,vessel,M/V Golden Ledge,M/V,,high,recognized vessel type prefix
M/V High Wind,2,vessel,M/V High Wind,M/V,,high,recognized vessel type prefix
M/V Iron Horizon,2,vessel,M/V Iron Horizon,M/V,,high,recognized vessel type prefix
M/V Long Cove,2,vessel,M/V Long Cove,M/V,,high,recognized vessel type prefix
M/V Northern Tide,2,vessel,M/V Northern Tide,M/V,,high,recognized vessel type prefix
M/V Quiet Current,2,vessel,M/V Quiet Current,M/V,,high,recognized vessel type prefix
M/V SALT MERIDIAN,2,vessel,M/V Salt Meridian,M/V,,high,recognized vessel type prefix
M/V SILVER SOUND,2,vessel,M/V Silver Sound,M/V,,high,recognized vessel type prefix
M/V Wild Compass,2,vessel,M/V Wild Compass,M/V,,high,recognized vessel type prefix
M/Y Golden Harbor,2,vessel,M/Y Golden Harbor,M/Y,,high,recognized vessel type prefix
M/Y High Sextant,2,vessel,M/Y High Sextant,M/Y,,high,recognized vessel type prefix
M/Y Silver Ketch,2,vessel,M/Y Silver Ketch,M/Y,,high,recognized vessel type prefix
M/Y Western Beacon,2,vessel,M/Y Western Beacon,M/Y,,high,recognized vessel type prefix
M/Y Western Star,2,vessel,M/Y Western Star,M/Y,,high,recognized vessel type prefix
OSV Blue Osprey,2,vessel,OSV Blue Osprey,OSV,,high,recognized vessel type prefix
OSV Clear Marlin,2,vessel,OSV Clear Marlin,OSV,,high,recognized vessel type prefix
OSV Grey Fathom,2,vessel,OSV Grey Fathom,OSV,,high,recognized vessel type prefix
OSV High Harbor,2,vessel,OSV High Harbor,OSV,,high,recognized vessel type prefix
OSV Quiet Ketch,2,vessel,OSV Quiet Ketch,OSV,,high,recognized vessel type prefix
OSV Western Tern,2,vessel,OSV Western Tern,OSV,,high,recognized vessel type prefix
R/V Amber Harbor,2,vessel,R/V Amber Harbor,R/V,,high,recognized vessel type prefix
R/V BRIGHT HARBOR,2,vessel,R/V Bright Harbor,R/V,,high,recognized vessel type prefix
R/V Blue Ketch,2,vessel,R/V Blue Ketch,R/V,,high,recognized vessel type prefix
R/V Bright Tide,2,vessel,R/V Bright Tide,R/V,,high,recognized vessel type prefix
R/V CLEAR TERN,2,vessel,R/V Clear Tern,R/V,120,high,recognized vessel type prefix
R/V Clear Drift,2,vessel,R/V Clear Drift,R/V,,high,recognized vessel type prefix
R/V Coral Harbor,2,vessel,R/V Coral Harbor,R/V,,high,recognized vessel type prefix
R/V DEEP OSPREY,2,vessel,R/V Deep Osprey,R/V,,high,recognized vessel type prefix
R/V Deep Star,2,vessel,R/V Deep Star,R/V,,high,recognized vessel type prefix
R/V Far Sextant,2,vessel,R/V Far Sextant,R/V,,high,recognized vessel type prefix
R/V GOLDEN VOYAGER,2,vessel,R/V Golden Voyager,R/V,,high,recognized vessel type prefix
R/V Green Sextant,2,vessel,R/V Green Sextant,R/V,,high,recognized vessel type prefix
R/V Grey Wind,2,vessel,R/V Grey Wind,R/V,,high,recognized vessel type prefix
R/V High Horizon,2,vessel,R/V High Horizon,R/V,,high,recognized vessel type prefix
R/V Northern Meridian,2,vessel,R/V Northern Meridian,R/V,,high,recognized vessel type prefix
R/V Northern Osprey,2,vessel,R/V Northern Osprey,R/V,,high,recognized vessel type prefix
R/V Northern Strand,2,vessel,R/V Northern Strand,R/V,,high,recognized vessel type prefix
R/V Quiet Kestrel,2,vessel,R/V Quiet Kestrel,R/V,,high,recognized vessel type prefix
R/V Western Kestrel,2,vessel,R/V Western Kestrel,R/V,,high,recognized vessel type prefix
R/V Wild Harbor,2,vessel,R/V Wild Harbor,R/V,,high,recognized vessel type prefix
Returns from sea trials,2,note,Returns from sea trials,,,high,movement annotation
S/V AMBER FATHOM,2,vessel,S/V Amber Fathom,S/V,,high,recognized vessel type prefix
S/V Blue Beacon,2,vessel,S/V Blue Beacon,S/V,,high,recognized vessel type prefix
S/V Deep Dory,2,vessel,S/V Deep Dory,S/V,,high,recognized vessel type prefix
S/V Far Tern,2,vessel,S/V Far Tern,S/V,,high,recognized vessel type prefix
S/V GREEN OSPREY,2,vessel,S/V Green Osprey,S/V,,high,recognized vessel type prefix
S/V IRON PETREL,2,vessel,S/V Iron Petrel,S/V,,high,recognized vessel type prefix
S/V Quiet Drift,2,vessel,S/V Quiet Drift,S/V,,high,recognized vessel type prefix
S/V Salt Anchor,2,vessel,S/V Salt Anchor,S/V,,high,recognized vessel type prefix
S/V Silver Cove,2,vessel,S/V Silver Cove,S/V,,high,recognized vessel type prefix
S/V Swift Wind,2,vessel,S/V Swift Wind,S/V,,high,recognized vessel type prefix
S/V Western Compass,2,vessel,S/V Western Compass,S/V,,high,recognized vessel type prefix
Tug Amber Strand,2,vessel,Tug Amber Strand,Tug,,high,recognized vessel type prefix
Tug Green Fathom,2,vessel,Tug Green Fathom,Tug,,high,recognized vessel type prefix
Tug Green Sound,2,vessel,Tug Green Sound,Tug,,high,recognized vessel type prefix
Tug WILD GANNET,2,vessel,Tug Wild Gannet,Tug,,high,recognized vessel type prefix
Tug Western Heron,2,vessel,Tug Western Heron,Tug,,high,recognized vessel type prefix
Wire spooling,2,note,Wire spooling,,,medium,deck operation on berthed vessel
Barge BLUE HORIZON,1,vessel,Barge Blue Horizon,Barge,,high,recognized vessel type prefix
Barge Blue Current,1,vessel,Barge Blue Current,Barge,,high,recognized vessel type prefix
Barge Blue Petrel,1,vessel,Barge Blue Petrel,Barge,,high,recognized vessel type prefix
Barge Blue Sextant,1,vessel,Barge Blue Sextant,Barge,,high,recognized vessel type prefix
Barge Blue Wind,1,vessel,Barge Blue Wind,Barge,,high,recognized vessel type prefix
Barge Bright Osprey,1,vessel,Barge Bright Osprey,Barge,,high,recognized vessel type prefix
Barge Bright Tern,1,vessel,Barge Bright Tern,Barge,,high,recognized vessel type prefix
Barge CORAL TIDE,1,vessel,Barge Coral Tide,Barge,,high,recognized vessel type prefix
Barge Clear Ledge,1,vessel,Barge Clear Ledge,Barge,,high,recognized vessel type prefix
Barge Coral Skua,1,vessel,Barge Coral Skua,Barge,,high,recognized vessel type prefix
Barge DEEP LANTERN,1,vessel,Barge Deep Lantern,Barge,,high,recognized vessel type prefix
Barge Far Cove,1,vessel,Barge Far Cove,Barge,,high,recognized vessel type prefix
Barge Golden Star,1,vessel,Barge Golden Star,Barge,,high,recognized vessel type prefix
Barge High Osprey,1,vessel,Barge High Osprey,Barge,,high,recognized vessel type prefix
Barge High Voyager,1,vessel,Barge High Voyager,Barge,100,high,recognized vessel type prefix
Barge Iron Kestrel,1,vessel,Barge Iron Kestrel,Barge,,high,recognized vessel type prefix
Barge Quiet Horizon,1,vessel,Barge Quiet Horizon,Barge,,high,recognized vessel type prefix
Barge Quiet Lantern,1,vessel,Barge Quiet Lantern,Barge,,high,recognized vessel type prefix
Barge Quiet Wind,1,vessel,Barge Quiet Wind,Barge,,high,recognized vessel type prefix
Barge Salt Compass,1,vessel,Barge Salt Compass,Barge,,high,recognized vessel type prefix
Barge Salt Reef,1,vessel,Barge Salt Reef,Barge,,high,recognized vessel type prefix
Barge WILD OSPREY,1,vessel,Barge Wild Osprey,Barge,,high,recognized vessel type prefix
Barge Western Dory,1,vessel,Barge Western Dory,Barge,,high,recognized vessel type prefix
Crane access - berth closed,1,closure,Crane access - berth closed,,,high,explicitly says berth closed
F/V AMBER BEACON,1,vessel,F/V Amber Beacon,F/V,,high,recognized vessel type prefix
F/V Amber Current,1,vessel,F/V Amber Current,F/V,,high,recognized vessel type prefix
F/V Amber Sound,1,vessel,F/V Amber Sound,F/V,,high,recognized vessel type prefix
F/V CLEAR KETCH,1,vessel,F/V Clear Ketch,F/V,,high,recognized vessel type prefix
F/V Clear Compass,1,vessel,F/V Clear Compass,F/V,,high,recognized vessel type prefix
F/V Clear Voyager,1,vessel,F/V Clear Voyager,F/V,,high,recognized vessel type prefix
F/V Coral Sextant,1,vessel,F/V Coral Sextant,F/V,,high,recognized vessel type prefix
F/V Deep Cove,1,vessel,F/V Deep Cove,F/V,,high,recognized vessel type prefix
F/V Far Sound,1,vessel,F/V Far Sound,F/V,,high,recognized vessel type prefix
F/V GREY ANCHOR,1,vessel,F/V Grey Anchor,F/V,,high,recognized vessel type prefix
F/V Golden Sextant,1,vessel,F/V Golden Sextant,F/V,,high,recognized vessel type prefix
F/V Green Dory,1,vessel,F/V Green Dory,F/V,,high,recognized vessel type prefix
F/V Green Reef,1,vessel,F/V Green Reef,F/V,,high,recognized vessel type prefix
F/V Grey Meridian,1,vessel,F/V Grey Meridian,F/V,,high,recognized vessel type prefix
F/V High Lantern,1,vessel,F/V High Lantern,F/V,,high,recognized vessel type prefix
F/V IRON LEDGE,1,vessel,F/V Iron Ledge,F/V,,high,recognized vessel type prefix
F/V Iron Sextant,1,vessel,F/V Iron Sextant,F/V,,high,recognized vessel type prefix
F/V Iron Tide,1,vessel,F/V Iron Tide,F/V,,high,recognized vessel type prefix
F/V LONG BEACON,1,vessel,F/V Long Beacon,F/V,,high,recognized vessel type prefix
F/V Long Drift,1,vessel,F/V Long Drift,F/V,,high,recognized vessel type prefix
F/V NORTHERN TERN,1,vessel,F/V Northern Tern,F/V,,high,recognized vessel type prefix
F/V Northern Dory,1,vessel,F/V Northern Dory,F/V,,high,recognized vessel type prefix
F/V Salt Harbor,1,vessel,F/V Salt Harbor,F/V,,high,recognized vessel type prefix
F/V Silver Reef,1,vessel,F/V Silver Reef,F/V,,high,recognized vessel type prefix
F/V Silver Strand,1,vessel,F/V Silver Strand,F/V,,high,recognized vessel type prefix
F/V Swift Compass,1,vessel,F/V Swift Compass,F/V,,high,recognized vessel type prefix
F/V Swift Dory,1,vessel,F/V Swift Dory,F/V,,high,recognized vessel type prefix
F/V Swift Horizon,1,vessel,F/V Swift Horizon,F/V,,high,recognized vessel type prefix
F/V Western Osprey,1,vessel,F/V Western Osprey,F/V,,high,recognized vessel type prefix
M/V Amber Dory,1,vessel,M/V Amber Dory,M/V,,high,recognized vessel type prefix
M/V Amber Ketch,1,vessel,M/V Amber Ketch,M/V,,high,recognized vessel type prefix
M/V Amber Meridian,1,vessel,M/V Amber Meridian,M/V,,high,recognized vessel type prefix
M/V Amber Petrel,1,vessel,M/V Amber Petrel,M/V,,high,recognized vessel type prefix
M/V Amber Tern,1,vessel,M/V Amber Tern,M/V,,high,recognized vessel type prefix
M/V Blue Gannet,1,vessel,M/V Blue Gannet,M/V,,high,recognized vessel type prefix
M/V Blue Strand,1,vessel,M/V Blue Strand,M/V,,high,recognized vessel type prefix
M/V Blue Tern,1,vessel,M/V Blue Tern,M/V,52,high,recognized vessel type prefix
M/V Bright Beacon,1,vessel,M/V Bright Beacon,M/V,,high,recognized vessel type prefix
M/V Bright Drift,1,vessel,M/V Bright Drift,M/V,,high,recognized vessel type prefix
M/V Bright Lantern,1,vessel,M/V Bright Lantern,M/V,,high,recognized vessel type prefix
M/V Bright Skua,1,vessel,M/V Bright Skua,M/V,,high,recognized vessel type prefix
M/V Bright Voyager,1,vessel,M/V Bright Voyager,M/V,,high,recognized vessel type prefix
M/V CORAL STAR,1,vessel,M/V Coral Star,M/V,,high,recognized vessel type prefix
M/V Clear Current,1,vessel,M/V Clear Current,M/V,,high,recognized vessel type prefix
M/V Clear Tide,1,vessel,M/V Clear Tide,M/V,,high,recognized vessel type prefix
M/V Coral Beacon,1,vessel,M/V Coral Beacon,M/V,,high,recognized vessel type prefix
M/V Coral Horizon,1,vessel,M/V Coral Horizon,M/V,,high,recognized vessel type prefix
M/V Coral Ledge,1,vessel,M/V Coral Ledge,M/V,,high,recognized vessel type prefix
M/V Coral Petrel,1,vessel,M/V Coral Petrel,M/V,,high,recognized vessel type prefix
M/V Deep Beacon,1,vessel,M/V Deep Beacon,M/V,,high,recognized vessel type prefix
M/V Deep Ledge,1,vessel,M/V Deep Ledge,M/V,,high,recognized vessel type prefix
M/V Deep Marlin,1,vessel,M/V Deep Marlin,M/V,,high,recognized vessel type prefix
M/V FAR KESTREL,1,vessel,M/V Far Kestrel,M/V,,high,recognized vessel type prefix
M/V Far Beacon,1,vessel,M/V Far Beacon,M/V,,high,recognized vessel type prefix
M/V Far Drift,1,vessel,M/V Far Drift,M/V,,high,recognized vessel type prefix
M/V Far Heron,1,vessel,M/V Far Heron,M/V,,high,recognized vessel type prefix
M/V Far Voyager,1,vessel,M/V Far Voyager,M/V,,high,recognized vessel type prefix
M/V GOLDEN STRAND,1,vessel,M/V Golden Strand,M/V,,high,recognized vessel type prefix
M/V GREEN GANNET,1,vessel,M/V Green Gannet,M/V,,high,recognized vessel type prefix
M/V Golden Gannet,1,vessel,M/V Golden Gannet,M/V,,high,recognized vessel type prefix
M/V Golden Skua,1,vessel,M/V Golden Skua,M/V,52,high,recognized vessel type prefix
M/V Green Beacon,1,vessel,M/V Green Beacon,M/V,,high,recognized vessel type prefix
M/V Green Ledge,1,vessel,M/V Green Ledge,M/V,,high,recognized vessel type prefix
M/V Green Tern,1,vessel,M/V Green Tern,M/V,,high,recognized vessel type prefix
M/V Grey Cove,1,vessel,M/V Grey Cove,M/V,,high,recognized vessel type prefix
M/V Grey Petrel,1,vessel,M/V Grey Petrel,M/V,,high,recognized vessel type prefix
M/V HIGH BEACON,1,vessel,M/V High Beacon,M/V,,high,recognized vessel type prefix
M/V HIGH COVE,1,vessel,M/V High Cove,M/V,,high,recognized vessel type prefix
M/V Iron Fathom,1,vessel,M/V Iron Fathom,M/V,,high,recognized vessel type prefix
M/V Iron Star,1,vessel,M/V Iron Star,M/V,,high,recognized vessel type prefix
M/V Iron Tern,1,vessel,M/V Iron Tern,M/V,,high,recognized vessel type prefix
M/V Long Tern,1,vessel,M/V Long Tern,M/V,,high,recognized vessel type prefix
M/V Long Wind,1,vessel,M/V Long Wind,M/V,40,high,recognized vessel type prefix
M/V NORTHERN PETREL,1,vessel,M/V Northern Petrel,M/V,,high,recognized vessel type prefix
M/V Northern Current,1,vessel,M/V Northern Current,M/V,,high,recognized vessel type prefix
M/V Northern Kestrel,1,vessel,M/V Northern Kestrel,M/V,,high,recognized vessel type prefix
M/V Quiet Compass,1,vessel,M/V Quiet Compass,M/V,,high,recognized vessel type prefix
M/V Quiet Ledge,1,vessel,M/V Quiet Ledge,M/V,,high,recognized vessel type prefix
M/V Quiet Reef,1,vessel,M/V Quiet Reef,M/V,,high,recognized vessel type prefix
M/V Quiet Sextant,1,vessel,M/V Quiet Sextant,M/V,,high,recognized vessel type prefix
M/V Salt Petrel,1,vessel,M/V Salt Petrel,M/V,,high,recognized vessel type prefix
M/V Salt Sextant,1,vessel,M/V Salt Sextant,M/V,,high,recognized vessel type prefix
M/V Silver Dory,1,vessel,M/V Silver Dory,M/V,,high,recognized vessel type prefix
M/V Silver Marlin,1,vessel,M/V Silver Marlin,M/V,,high,recognized vessel type prefix
M/V Swift Petrel,1,vessel,M/V Swift Petrel,M/V,,high,recognized vessel type prefix
M/V Swift Voyager,1,vessel,M/V Swift Voyager,M/V,,high,recognized vessel type prefix
M/V WILD FATHOM,1,vessel,M/V Wild Fathom,M/V,,high,recognized vessel type prefix
M/V Western Harbor,1,vessel,M/V Western Harbor,M/V,,high,recognized vessel type prefix
M/V Western Horizon,1,vessel,M/V Western Horizon,M/V,,high,recognized vessel type prefix
M/V Western Ketch,1,vessel,M/V Western Ketch,M/V,,high,recognized vessel type prefix
M/V Western Marlin,1,vessel,M/V Western Marlin,M/V,,high,recognized vessel type prefix
M/Y Blue Compass,1,vessel,M/Y Blue Compass,M/Y,,high,recognized vessel type prefix
M/Y Blue Dory,1,vessel,M/Y Blue Dory,M/Y,,high,recognized vessel type prefix
M/Y Blue Skua,1,vessel,M/Y Blue Skua,M/Y,,high,recognized vessel type prefix
M/Y Bright Marlin,1,vessel,M/Y Bright Marlin,M/Y,,high,recognized vessel type prefix
M/Y Clear Gannet,1,vessel,M/Y Clear Gannet,M/Y,,high,recognized vessel type prefix
M/Y Clear Reef,1,vessel,M/Y Clear Reef,M/Y,,high,recognized vessel type prefix
M/Y Coral Dory,1,vessel,M/Y Coral Dory,M/Y,,high,recognized vessel type prefix
M/Y Coral Wind,1,vessel,M/Y Coral Wind,M/Y,40,high,recognized vessel type prefix
M/Y Deep Horizon,1,vessel,M/Y Deep Horizon,M/Y,,high,recognized vessel type prefix
M/Y Deep Petrel,1,vessel,M/Y Deep Petrel,M/Y,,high,recognized vessel type prefix
M/Y Far Skua,1,vessel,M/Y Far Skua,M/Y,,high,recognized vessel type prefix
M/Y GREY OSPREY,1,vessel,M/Y Grey Osprey,M/Y,,high,recognized vessel type prefix
M/Y Golden Kestrel,1,vessel,M/Y Golden Kestrel,M/Y,,high,recognized vessel type prefix
M/Y Golden Wind,1,vessel,M/Y Golden Wind,M/Y,,high,recognized vessel type prefix
M/Y Green Horizon,1,vessel,M/Y Green Horizon,M/Y,,high,recognized vessel type prefix
M/Y Green Tide,1,vessel,M/Y Green Tide,M/Y,,high,recognized vessel type prefix
M/Y Grey Heron,1,vessel,M/Y Grey Heron,M/Y,52,high,recognized vessel type prefix
M/Y High Tern,1,vessel,M/Y High Tern,M/Y,,high,recognized vessel type prefix
M/Y Iron Voyager,1,vessel,M/Y Iron Voyager,M/Y,,high,recognized vessel type prefix
M/Y LONG PETREL,1,vessel,M/Y Long Petrel,M/Y,,high,recognized vessel type prefix
M/Y Northern Compass,1,vessel,M/Y Northern Compass,M/Y,,high,recognized vessel type prefix
M/Y Quiet Cove,1,vessel,M/Y Quiet Cove,M/Y,,high,recognized vessel type prefix
M/Y Quiet Voyager,1,vessel,M/Y Quiet Voyager,M/Y,,high,recognized vessel type prefix
M/Y Salt Cove,1,vessel,M/Y Salt Cove,M/Y,,high,recognized vessel type prefix
M/Y Silver Compass,1,vessel,M/Y Silver Compass,M/Y,,high,recognized vessel type prefix
M/Y Silver Sextant,1,vessel,M/Y Silver Sextant,M/Y,,high,recognized vessel type prefix
M/Y Swift Drift,1,vessel,M/Y Swift Drift,M/Y,,high,recognized vessel type prefix
M/Y Swift Skua,1,vessel,M/Y Swift Skua,M/Y,,high,recognized vessel type prefix
M/Y WILD VOYAGER,1,vessel,M/Y Wild Voyager,M/Y,,high,recognized vessel type prefix
M/Y Western Strand,1,vessel,M/Y Western Strand,M/Y,52,high,recognized vessel type prefix
M/Y Wild Anchor,1,vessel,M/Y Wild Anchor,M/Y,,high,recognized vessel type prefix
M/Y Wild Sextant,1,vessel,M/Y Wild Sextant,M/Y,,high,recognized vessel type prefix
M/Y Wild Tern,1,vessel,M/Y Wild Tern,M/Y,145,high,recognized vessel type prefix
M/Y Wild Wind,1,vessel,M/Y Wild Wind,M/Y,,high,recognized vessel type prefix
OS/V Golden Osprey,1,vessel,OSV Golden Osprey,OSV,,high,recognized vessel type prefix
OS/V Silver Skua,1,vessel,OSV Silver Skua,OSV,24,high,recognized vessel type prefix
OSV Amber Cove,1,vessel,OSV Amber Cove,OSV,,high,recognized vessel type prefix
OSV Blue Drift,1,vessel,OSV Blue Drift,OSV,,high,recognized vessel type prefix
OSV Bright Ledge,1,vessel,OSV Bright Ledge,OSV,,high,recognized vessel type prefix
OSV Clear Dory,1,vessel,OSV Clear Dory,OSV,,high,recognized vessel type prefix
OSV Clear Lantern,1,vessel,OSV Clear Lantern,OSV,,high,recognized vessel type prefix
OSV DEEP HARBOR,1,vessel,OSV Deep Harbor,OSV,,high,recognized vessel type prefix
OSV Far Wind,1,vessel,OSV Far Wind,OSV,,high,recognized vessel type prefix
OSV Green Cove,1,vessel,OSV Green Cove,OSV,,high,recognized vessel type prefix
OSV Green Current,1,vessel,OSV Green Current,OSV,,high,recognized vessel type prefix
OSV Green Ketch,1,vessel,OSV Green Ketch,OSV,,high,recognized vessel type prefix
OSV High Star,1,vessel,OSV High Star,OSV,,high,recognized vessel type prefix
OSV Iron Meridian,1,vessel,OSV Iron Meridian,OSV,,high,recognized vessel type prefix
OSV LONG HARBOR,1,vessel,OSV Long Harbor,OSV,,high,recognized vessel type prefix
OSV Salt Marlin,1,vessel,OSV Salt Marlin,OSV,,high,recognized vessel type prefix
OSV Salt Osprey,1,vessel,OSV Salt Osprey,OSV,,high,recognized vessel type prefix
OSV Salt Voyager,1,vessel,OSV Salt Voyager,OSV,,high,recognized vessel type prefix
OSV Silver Gannet,1,vessel,OSV Silver Gannet,OSV,,high,recognized vessel type prefix
OSV Western Skua,1,vessel,OSV Western Skua,OSV,,high,recognized vessel type prefix
OSV Wild Beacon,1,vessel,OSV Wild Beacon,OSV,,high,recognized vessel type prefix
OSV Wild Lantern,1,vessel,OSV Wild Lantern,OSV,,high,recognized vessel type prefix
R/V Amber Anchor,1,vessel,R/V Amber Anchor,R/V,,high,recognized vessel type prefix
R/V Amber Compass,1,vessel,R/V Amber Compass,R/V,,high,recognized vessel type prefix
R/V Amber Heron,1,vessel,R/V Amber Heron,R/V,,high,recognized vessel type prefix
R/V Amber Ledge,1,vessel,R/V Amber Ledge,R/V,72,high,recognized vessel type prefix
R/V Amber Osprey,1,vessel,R/V Amber Osprey,R/V,,high,recognized vessel type prefix
R/V Amber Tide,1,vessel,R/V Amber Tide,R/V,,high,recognized vessel type prefix
R/V BLUE COVE,1,vessel,R/V Blue Cove,R/V,,high,recognized vessel type prefix
R/V Blue Heron,1,vessel,R/V Blue Heron,R/V,,high,recognized vessel type prefix
R/V Blue Kestrel,1,vessel,R/V Blue Kestrel,R/V,,high,recognized vessel type prefix
R/V Blue Marlin,1,vessel,R/V Blue Marlin,R/V,,high,recognized vessel type prefix
R/V Blue Meridian,1,vessel,R/V Blue Meridian,R/V,,high,recognized vessel type prefix
R/V Blue Reef,1,vessel,R/V Blue Reef,R/V,,high,recognized vessel type prefix
R/V Bright Dory,1,vessel,R/V Bright Dory,R/V,52,high,recognized vessel type prefix
R/V Bright Kestrel,1,vessel,R/V Bright Kestrel,R/V,,high,recognized vessel type prefix
R/V CLEAR FATHOM,1,vessel,R/V Clear Fathom,R/V,,high,recognized vessel type prefix
R/V CLEAR STAR,1,vessel,R/V Clear Star,R/V,,high,recognized vessel type prefix
R/V Clear Fathom,1,vessel,R/V Clear Fathom,R/V,,high,recognized vessel type prefix
R/V Coral Current,1,vessel,R/V Coral Current,R/V,,high,recognized vessel type prefix
R/V Coral Gannet,1,vessel,R/V Coral Gannet,R/V,,high,recognized vessel type prefix
R/V Coral Sound,1,vessel,R/V Coral Sound,R/V,,high,recognized vessel type prefix
R/V Deep Kestrel,1,vessel,R/V Deep Kestrel,R/V,,high,recognized vessel type prefix
R/V FAR STAR,1,vessel,R/V Far Star,R/V,,high,recognized vessel type prefix
R/V Far Marlin,1,vessel,R/V Far Marlin,R/V,,high,recognized vessel type prefix
R/V GOLDEN MARLIN,1,vessel,R/V Golden Marlin,R/V,,high,recognized vessel type prefix
R/V GREEN DRIFT,1,vessel,R/V Green Drift,R/V,,high,recognized vessel type prefix
R/V GREEN HARBOR,1,vessel,R/V Green Harbor,R/V,,high,recognized vessel type prefix
R/V GREEN STRAND,1,vessel,R/V Green Strand,R/V,,high,recognized vessel type prefix
R/V GREY SEXTANT,1,vessel,R/V Grey Sextant,R/V,,high,recognized vessel type prefix
R/V Golden Lantern,1,vessel,R/V Golden Lantern,R/V,,high,recognized vessel type prefix
R/V Golden Meridian,1,vessel,R/V Golden Meridian,R/V,,high,recognized vessel type prefix
R/V Green Marlin,1,vessel,R/V Green Marlin,R/V,,high,recognized vessel type prefix
R/V Green Voyager,1,vessel,R/V Green Voyager,R/V,,high,recognized vessel type prefix
R/V Green Wind,1,vessel,R/V Green Wind,R/V,,high,recognized vessel type prefix
R/V Grey Beacon,1,vessel,R/V Grey Beacon,R/V,,high,recognized vessel type prefix
R/V Grey Kestrel,1,vessel,R/V Grey Kestrel,R/V,,high,recognized vessel type prefix
R/V Grey Lantern,1,vessel,R/V Grey Lantern,R/V,,high,recognized vessel type prefix
R/V Grey Ledge,1,vessel,R/V Grey Ledge,R/V,,high,recognized vessel type prefix
R/V Grey Marlin,1,vessel,R/V Grey Marlin,R/V,,high,recognized vessel type prefix
R/V High Compass,1,vessel,R/V High Compass,R/V,,high,recognized vessel type prefix
R/V High Kestrel,1,vessel,R/V High Kestrel,R/V,,high,recognized vessel type prefix
R/V IRON DORY,1,vessel,R/V Iron Dory,R/V,,high,recognized vessel type prefix
R/V IRON DRIFT,1,vessel,R/V Iron Drift,R/V,,high,recognized vessel type prefix
R/V IRON HARBOR,1,vessel,R/V Iron Harbor,R/V,,high,recognized vessel type prefix
R/V IRON REEF,1,vessel,R/V Iron Reef,R/V,,high,recognized vessel type prefix
R/V IRON STRAND,1,vessel,R/V Iron Strand,R/V,,high,recognized vessel type prefix
R/V Iron Compass,1,vessel,R/V Iron Compass,R/V,,high,recognized vessel type prefix
R/V Iron Cove,1,vessel,R/V Iron Cove,R/V,,high,recognized vessel type prefix
R/V Iron Lantern,1,vessel,R/V Iron Lantern,R/V,,high,recognized vessel type prefix
R/V Iron Osprey,1,vessel,R/V Iron Osprey,R/V,,high,recognized vessel type prefix
R/V LONG STAR,1,vessel,R/V Long Star,R/V,,high,recognized vessel type prefix
R/V Long Fathom,1,vessel,R/V Long Fathom,R/V,,high,recognized vessel type prefix
R/V Long Horizon,1,vessel,R/V Long Horizon,R/V,,high,recognized vessel type prefix
R/V Long Marlin,1,vessel,R/V Long Marlin,R/V,,high,recognized vessel type prefix
R/V Long Tide,1,vessel,R/V Long Tide,R/V,,high,recognized vessel type prefix
R/V NORTHERN MERIDIAN,1,vessel,R/V Northern Meridian,R/V,,high,recognized vessel type prefix
R/V NORTHERN WIND,1,vessel,R/V Northern Wind,R/V,,high,recognized vessel type prefix
R/V Northern Horizon,1,vessel,R/V Northern Horizon,R/V,,high,recognized vessel type prefix
R/V Northern Ledge,1,vessel,R/V Northern Ledge,R/V,,high,recognized vessel type prefix
R/V Northern Reef,1,vessel,R/V Northern Reef,R/V,,high,recognized vessel type prefix
R/V Quiet Anchor,1,vessel,R/V Quiet Anchor,R/V,,high,recognized vessel type prefix
R/V Quiet Dory,1,vessel,R/V Quiet Dory,R/V,,high,recognized vessel type prefix
R/V Quiet Fathom,1,vessel,R/V Quiet Fathom,R/V,,high,recognized vessel type prefix
R/V Quiet Harbor,1,vessel,R/V Quiet Harbor,R/V,,high,recognized vessel type prefix
R/V Quiet Marlin,1,vessel,R/V Quiet Marlin,R/V,,high,recognized vessel type prefix
R/V Quiet Meridian,1,vessel,R/V Quiet Meridian,R/V,,high,recognized vessel type prefix
R/V Quiet Osprey,1,vessel,R/V Quiet Osprey,R/V,,high,recognized vessel type prefix
R/V Quiet Star,1,vessel,R/V Quiet Star,R/V,,high,recognized vessel type prefix
R/V Quiet Strand,1,vessel,R/V Quiet Strand,R/V,,high,recognized vessel type prefix
R/V SALT HERON,1,vessel,R/V Salt Heron,R/V,,high,recognized vessel type prefix
R/V Salt Current,1,vessel,R/V Salt Current,R/V,,high,recognized vessel type prefix
R/V Salt Ledge,1,vessel,R/V Salt Ledge,R/V,,high,recognized vessel type prefix
R/V Silver Heron,1,vessel,R/V Silver Heron,R/V,,high,recognized vessel type prefix
R/V Silver Osprey,1,vessel,R/V Silver Osprey,R/V,,high,recognized vessel type prefix
R/V Swift Current,1,vessel,R/V Swift Current,R/V,,high,recognized vessel type prefix
R/V Swift Gannet,1,vessel,R/V Swift Gannet,R/V,,high,recognized vessel type prefix
R/V Swift Ketch,1,vessel,R/V Swift Ketch,R/V,,high,recognized vessel type prefix
R/V Swift Lantern,1,vessel,R/V Swift Lantern,R/V,,high,recognized vessel type prefix
R/V Swift Osprey,1,vessel,R/V Swift Osprey,R/V,,high,recognized vessel type prefix
R/V Swift Sextant,1,vessel,R/V Swift Sextant,R/V,,high,recognized vessel type prefix
R/V Swift Sound,1,vessel,R/V Swift Sound,R/V,,high,recognized vessel type prefix
R/V Swift Star,1,vessel,R/V Swift Star,R/V,,high,recognized vessel type prefix
R/V WESTERN DRIFT,1,vessel,R/V Western Drift,R/V,,high,recognized vessel type prefix
R/V WILD DORY,1,vessel,R/V Wild Dory,R/V,,high,recognized vessel type prefix
R/V Western Tide,1,vessel,R/V Western Tide,R/V,,high,recognized vessel type prefix
R/V Wild Dory,1,vessel,R/V Wild Dory,R/V,,high,recognized vessel type prefix
R/V Wild Sound,1,vessel,R/V Wild Sound,R/V,,high,recognized vessel type prefix
S/V Amber Gannet,1,vessel,S/V Amber Gannet,S/V,,high,recognized vessel type prefix
S/V Bright Sextant,1,vessel,S/V Bright Sextant,S/V,,high,recognized vessel type prefix
S/V CORAL COMPASS,1,vessel,S/V Coral Compass,S/V,,high,recognized vessel type prefix
S/V CORAL COVE,1,vessel,S/V Coral Cove,S/V,,high,recognized vessel type prefix
S/V Clear Kestrel,1,vessel,S/V Clear Kestrel,S/V,,high,recognized vessel type prefix
S/V Clear Sound,1,vessel,S/V Clear Sound,S/V,,high,recognized vessel type prefix
S/V Coral Fathom,1,vessel,S/V Coral Fathom,S/V,,high,recognized vessel type prefix
S/V Deep Skua,1,vessel,S/V Deep Skua,S/V,,high,recognized vessel type prefix
S/V Deep Tide,1,vessel,S/V Deep Tide,S/V,,high,recognized vessel type prefix
S/V Deep Wind,1,vessel,S/V Deep Wind,S/V,,high,recognized vessel type prefix
S/V FAR DORY,1,vessel,S/V Far Dory,S/V,,high,recognized vessel type prefix
S/V FAR GANNET,1,vessel,S/V Far Gannet,S/V,,high,recognized vessel type prefix
S/V Far Current,1,vessel,S/V Far Current,S/V,,high,recognized vessel type prefix
S/V GOLDEN FATHOM,1,vessel,S/V Golden Fathom,S/V,,high,recognized vessel type prefix
S/V GREEN COMPASS,1,vessel,S/V Green Compass,S/V,,high,recognized vessel type prefix
S/V Golden Beacon,1,vessel,S/V Golden Beacon,S/V,,high,recognized vessel type prefix
S/V Golden Cove,1,vessel,S/V Golden Cove,S/V,,high,recognized vessel type prefix
S/V Golden Dory,1,vessel,S/V Golden Dory,S/V,,high,recognized vessel type prefix
S/V Golden Fathom,1,vessel,S/V Golden Fathom,S/V,,high,recognized vessel type prefix
S/V Golden Reef,1,vessel,S/V Golden Reef,S/V,,high,recognized vessel type prefix
S/V Green Osprey,1,vessel,S/V Green Osprey,S/V,,high,recognized vessel type prefix
S/V Green Petrel,1,vessel,S/V Green Petrel,S/V,,high,recognized vessel type prefix
S/V Green Skua,1,vessel,S/V Green Skua,S/V,,high,recognized vessel type prefix
S/V Grey Drift,1,vessel,S/V Grey Drift,S/V,,high,recognized vessel type prefix
S/V Grey Reef,1,vessel,S/V Grey Reef,S/V,,high,recognized vessel type prefix
S/V Grey Skua,1,vessel,S/V Grey Skua,S/V,,high,recognized vessel type prefix
S/V HIGH HERON,1,vessel,S/V High Heron,S/V,,high,recognized vessel type prefix
S/V High Ketch,1,vessel,S/V High Ketch,S/V,,high,recognized vessel type prefix
S/V High Marlin,1,vessel,S/V High Marlin,S/V,,high,recognized vessel type prefix
S/V Iron Marlin,1,vessel,S/V Iron Marlin,S/V,,high,recognized vessel type prefix
S/V LONG SEXTANT,1,vessel,S/V Long Sextant,S/V,,high,recognized vessel type prefix
S/V Long Gannet,1,vessel,S/V Long Gannet,S/V,,high,recognized vessel type prefix
S/V Long Lantern,1,vessel,S/V Long Lantern,S/V,,high,recognized vessel type prefix
S/V Northern Fathom,1,vessel,S/V Northern Fathom,S/V,,high,recognized vessel type prefix
S/V Quiet Beacon,1,vessel,S/V Quiet Beacon,S/V,,high,recognized vessel type prefix
S/V Quiet Gannet,1,vessel,S/V Quiet Gannet,S/V,,high,recognized vessel type prefix
S/V SALT KESTREL,1,vessel,S/V Salt Kestrel,S/V,,high,recognized vessel type prefix
S/V SILVER WIND,1,vessel,S/V Silver Wind,S/V,,high,recognized vessel type prefix
S/V SWIFT BEACON,1,vessel,S/V Swift Beacon,S/V,,high,recognized vessel type prefix
S/V Salt Beacon,1,vessel,S/V Salt Beacon,S/V,,high,recognized vessel type prefix
S/V Silver Current,1,vessel,S/V Silver Current,S/V,,high,recognized vessel type prefix
S/V Silver Harbor,1,vessel,S/V Silver Harbor,S/V,,high,recognized vessel type prefix
S/V Silver Star,1,vessel,S/V Silver Star,S/V,,high,recognized vessel type prefix
S/V Swift Marlin,1,vessel,S/V Swift Marlin,S/V,,high,recognized vessel type prefix
S/V Swift Reef,1,vessel,S/V Swift Reef,S/V,,high,recognized vessel type prefix
S/V Swift Tide,1,vessel,S/V Swift Tide,S/V,,high,recognized vessel type prefix
S/V Western Wind,1,vessel,S/V Western Wind,S/V,,high,recognized vessel type prefix
S/V Wild Horizon,1,vessel,S/V Wild Horizon,S/V,,high,recognized vessel type prefix
S/Y Clear Beacon,1,vessel,S/Y Clear Beacon,S/Y,170,high,recognized vessel type prefix
S/Y Far Harbor,1,vessel,S/Y Far Harbor,S/Y,,high,recognized vessel type prefix
S/Y High Fathom,1,vessel,S/Y High Fathom,S/Y,,high,recognized vessel type prefix
S/Y High Gannet,1,vessel,S/Y High Gannet,S/Y,100,high,recognized vessel type prefix
S/Y Silver Meridian,1,vessel,S/Y Silver Meridian,S/Y,,high,recognized vessel type prefix
S/Y Wild Petrel,1,vessel,S/Y Wild Petrel,S/Y,,high,recognized vessel type prefix
Tug Amber Horizon,1,vessel,Tug Amber Horizon,Tug,,high,recognized vessel type prefix
Tug Amber Kestrel,1,vessel,Tug Amber Kestrel,Tug,,high,recognized vessel type prefix
Tug Amber Lantern,1,vessel,Tug Amber Lantern,Tug,,high,recognized vessel type prefix
Tug Amber Sextant,1,vessel,Tug Amber Sextant,Tug,,high,recognized vessel type prefix
Tug Bright Anchor,1,vessel,Tug Bright Anchor,Tug,,high,recognized vessel type prefix
Tug Bright Petrel,1,vessel,Tug Bright Petrel,Tug,,high,recognized vessel type prefix
Tug CORAL HERON,1,vessel,Tug Coral Heron,Tug,,high,recognized vessel type prefix
Tug Deep Current,1,vessel,Tug Deep Current,Tug,,high,recognized vessel type prefix
Tug Deep Fathom,1,vessel,Tug Deep Fathom,Tug,,high,recognized vessel type prefix
Tug FAR STRAND,1,vessel,Tug Far Strand,Tug,,high,recognized vessel type prefix
Tug Far Compass,1,vessel,Tug Far Compass,Tug,,high,recognized vessel type prefix
Tug Far Ketch,1,vessel,Tug Far Ketch,Tug,,high,recognized vessel type prefix
Tug Far Ledge,1,vessel,Tug Far Ledge,Tug,,high,recognized vessel type prefix
Tug Far Meridian,1,vessel,Tug Far Meridian,Tug,,high,recognized vessel type prefix
Tug Far Reef,1,vessel,Tug Far Reef,Tug,,high,recognized vessel type prefix
Tug GOLDEN SOUND,1,vessel,Tug Golden Sound,Tug,,high,recognized vessel type prefix
Tug Grey Ketch,1,vessel,Tug Grey Ketch,Tug,,high,recognized vessel type prefix
Tug Grey Voyager,1,vessel,Tug Grey Voyager,Tug,,high,recognized vessel type prefix
Tug Iron Anchor,1,vessel,Tug Iron Anchor,Tug,,high,recognized vessel type prefix
Tug Long Kestrel,1,vessel,Tug Long Kestrel,Tug,,high,recognized vessel type prefix
Tug Long Osprey,1,vessel,Tug Long Osprey,Tug,,high,recognized vessel type prefix
Tug Long Reef,1,vessel,Tug Long Reef,Tug,,high,recognized vessel type prefix
Tug SALT STAR,1,vessel,Tug Salt Star,Tug,,high,recognized vessel type prefix
Tug Silver Fathom,1,vessel,Tug Silver Fathom,Tug,,high,recognized vessel type prefix
Tug Silver Tern,1,vessel,Tug Silver Tern,Tug,,high,recognized vessel type prefix
Tug Swift Ledge,1,vessel,Tug Swift Ledge,Tug,,high,recognized vessel type prefix
Tug Western Lantern,1,vessel,Tug Western Lantern,Tug,,high,recognized vessel type prefix
Tug Wild Strand,1,vessel,Tug Wild Strand,Tug,,high,recognized vessel type prefix
